Date/Time,Word Count,en,es,ja
2026.02.25-10.45.58,7,7,0,0
2026.02.25-10.49.51,7,7,7,0
2026.02.25-11.30.06,7,7,7,7
2026.03.02-16.09.12,7,7,6,6
2026.03.02-16.14.01,7,7,7,7
2026.03.07-12.29.02,12,12,7,7
2026.03.07-12.38.24,12,12,7,11
2026.03.07-12.39.22,12,12,11,11
2026.03.07-15.56.54,9,9,8,8
2026.03.07-16.08.19,63,63,8,8
2026.03.07-16.12.39,63,63,62,8
2026.03.07-16.26.09,63,63,62,62
2026.03.07-16.32.38,66,66,62,62
2026.03.07-16.34.49,66,66,65,65
2026.03.07-20.36.58,71,71,64,65
2026.03.07-20.38.40,71,71,67,68
